Keywrd Phrase Txt,N,SumSearches,ReSearchPercent,SearchBounceRate
napkins,30,633,0.1895734597156398,0.052132701421800945
tom ford,57,1486,0.2759084791386272,0.08882907133243607
silhouette cameo,13,234,0.07692307692307693,0.05555555555555555
8x10 rugs on sale,5,77,0.15584415584415584,0.12987012987012986
lumbar pillow,57,1401,0.1655960028551035,0.06281227694503926
disney comforter,1,68,0.04411764705882353,0
eminence,45,1345,0.12936802973977696,0.06022304832713755
front doors,27,430,0.3488372093023256,0.28837209302325584
pool storage,15,225,0.22666666666666666,0.14222222222222222
shelf,70,4022,0.24888115365489807,0.12108403779214322
linen napkins,3,59,0.15254237288135594,0.03389830508474576
womens evening gowns,1,73,0.0547945205479452,0
26 inch counter stools,3,57,0.40350877192982454,0.05263157894736842
over the door mirror,4,55,0.10909090909090909,0.05454545454545454
chaise cushion,33,646,0.14086687306501547,0.09442724458204334
bangle bracelets,8,135,0.35555555555555557,0.07407407407407407
blankets,51,1293,0.1136890951276102,0.04717710750193349
carry on suitcase,7,137,0.2846715328467153,0.058394160583941604
invicta mens watch,25,472,0.13983050847457626,0.1292372881355932
drapery,3,82,0.18292682926829268,0
kids shoes,20,369,0.3008130081300813,0.06504065040650407
electric grills,5,77,0.14285714285714285,0.06493506493506493
Large Area Carpets,2,79,0.13924050632911392,0
laptop desks,4,60,0.25,0.11666666666666667
bathroom curtain set,4,74,0.2702702702702703,0
7 foot round natural fiber rugs,1,166,0.5180722891566265,0
mercury row,8,125,0.448,0.08
guest bed,7,115,0.2608695652173913,0.05217391304347826
vanity light,76,2892,0.2157676348547718,0.08160442600276625
strapless bra,2,64,0.0625,0
hampers,34,617,0.18962722852512157,0.06320907617504051
twin bedding sets,38,1080,0.25833333333333336,0.08148148148148149
navy blue large area rugs,2,58,0.3448275862068966,0.017241379310344827
men's shorts,9,492,0.06300813008130081,0.012195121951219513
light bulb,2,64,0.046875,0
behr premium plus ultra ul21416,13,216,0.47685185185185186,0.37037037037037035
console table,89,14396,0.12642400666851902,0.08905251458738539
modern chandelier,32,731,0.16415868673050615,0.05198358413132695
king size quilts,29,537,0.18063314711359404,0.08752327746741155
food processor,14,239,0.18828451882845187,0.08786610878661087
behr premium plus ultra 275305,27,892,0.4327354260089686,0.33856502242152464
outdoor covers,5,77,0.2077922077922078,0.012987012987012988
Comforter,90,11262,0.2009412182560824,0.11010477712662049
ceiling fans with light,90,7323,0.1330055987983067,0.08521097910692339
organization,6,89,0.43820224719101125,0.02247191011235955
kids wall decor,2,146,0.06164383561643835,0
square tablecloths,9,155,0.14838709677419354,0.07096774193548387
behr premium plus 185001,19,362,0.39226519337016574,0.3839779005524862
bunk bed,76,5677,0.1194292760260701,0.12682754976219834
car amplifiers,4,73,0.1095890410958904,0.0821917808219178
pot filler,9,183,0.12021857923497267,0.18579234972677597
hamsa,4,63,0.4603174603174603,0.06349206349206349
outside storage,5,82,0.23170731707317074,0.0975609756097561
daybed with pop up trundle,29,496,0.16330645161290322,0.11693548387096774
grey dining set,8,144,0.1875,0.04861111111111111
dooney and bourke wallet,10,360,0.11388888888888889,0.027777777777777776
electric blanket,4,62,0.0967741935483871,0.03225806451612903
hanging chairs,80,4994,0.1341609931918302,0.3261914297156588
baby swing,15,234,0.3504273504273504,0.1623931623931624
fake bake,2,53,0.07547169811320754,0.018867924528301886
pop up trundle bed,5,78,0.20512820512820512,0.1282051282051282
living room table sets,5,90,0.3333333333333333,0.05555555555555555
sideboards,86,4430,0.13679458239277653,0.09345372460496613
coir mat,2,211,0.10426540284360189,0
gray dining chairs,13,260,0.21153846153846154,0.019230769230769232
mattress protector,24,595,0.09411764705882353,0.023529411764705882
cookware sets,30,601,0.12312811980033278,0.10149750415973377
grommet curtain,10,314,0.3184713375796178,0.022292993630573247
5x7 area rugs,36,1183,0.11834319526627218,0.04649196956889264
king quilts,75,3281,0.16793660469369096,0.058823529411764705
oversized ottoman,12,213,0.19718309859154928,0.11267605633802817
convertible sofa,53,1384,0.16329479768786126,0.09971098265895954
pantry storage,9,137,0.43795620437956206,0.08759124087591241
standard shams,2,141,0.05673758865248227,0
blue and ivory area rugs,1,58,0.05172413793103448,0
bar stools,90,24291,0.06327446379317443,0.05261207854761023
privacy fencing,9,134,0.3358208955223881,0.09701492537313433
nuloom hand knitted jute,1,72,0.08333333333333333,0
small kitchen tables,28,490,0.15306122448979592,0.11020408163265306
bathroom tiles,30,585,0.23247863247863249,0.06153846153846154
5x7 area rug,6,92,0.14130434782608695,0.010869565217391304
queen boxspring,35,748,0.17245989304812834,0.14304812834224598
elk opulence 5 light rose,1,55,0.03636363636363636,0
Outdoor Cushions &amp Pillows,15,333,0.23423423423423423,0.04504504504504504
ring enhancer,8,141,0.15602836879432624,0.0425531914893617
quilts black and white colored,1,72,0.06944444444444445,0
ceiling medallions,5,74,0.17567567567567569,0.05405405405405406
vanity top,23,359,0.18384401114206128,0.116991643454039
road trip entertainment,1,78,0.01282051282051282,0
acrylic table,13,209,0.20095693779904306,0.06698564593301436
bathroom cabinets with sink,10,213,0.19248826291079812,0.215962441314554
office desk,90,8822,0.12570845613239628,0.09147585581500793
office furniture,59,1343,0.2122114668652271,0.1325390915860015
ray bags,26,620,0.667741935483871,0.11451612903225807
gourmet basics,1,62,0.016129032258064516,0
safavieh bellagio,3,56,0.30357142857142855,0
rattan chairs,13,232,0.2025862068965517,0.1206896551724138
sapphire engagement ring,3,66,0.24242424242424243,0.045454545454545456
pillow cover,58,1455,0.2020618556701031,0.08041237113402062
wool and jute,2,79,0.11392405063291139,0
car mats,3,57,0.5614035087719298,0.05263157894736842
down throw pillow,3,106,0.1792452830188679,0
light blocking curtains,4,112,0.09821428571428571,0
wall planter,22,410,0.17317073170731706,0.12926829268292683
lightweight comforter,8,144,0.1875,0.020833333333333332
eleanor counter chairs,2,52,0.09615384615384616,0.019230769230769232
large mirror,57,1548,0.1821705426356589,0.1124031007751938
power strip,2,137,0.029197080291970802,0
ladder bookcase,26,474,0.14556962025316456,0.07805907172995781
de couer rose gold,2,58,0.034482758620689655,0
unicorn pool,1,64,0.03125,0
Sunjoy,7,91,0.32967032967032966,0.10989010989010989
wood blinds,26,564,0.18971631205673758,0.10638297872340426
outdoor art,19,385,0.2077922077922078,0.08571428571428572
four poster bed,8,114,0.17543859649122806,0.14912280701754385
black counter stool,2,59,0.559322033898305,0.1016949152542373
kitchen faucet,69,3034,0.13579433091628212,0.08701384311140409
bathroom lighting,89,7588,0.20202952029520296,0.08803373748023194
narrow bookcases,7,110,0.2727272727272727,0.10909090909090909
monitor,20,435,0.1839080459770115,0.07586206896551724
microfiber sheet,9,187,0.11764705882352941,0.0427807486631016
animal hide rugs,1,73,0.0136986301369863,0
8 oz.,10,756,0.44841269841269843,0.26587301587301587
Convenience Concepts,5,68,0.3088235294117647,0.014705882352941176
9x12 shag rugs,5,96,0.20833333333333334,0.052083333333333336
men's wedding bands,9,148,0.16216216216216217,0.060810810810810814
l shape desk,25,496,0.14717741935483872,0.07661290322580645
patio table umbrella,4,94,0.09574468085106383,0.05319148936170213
melamine plates,23,417,0.17985611510791366,0.08633093525179857
kids dresser,42,1342,0.16095380029806258,0.11773472429210134
outdoor patio sets,8,126,0.1984126984126984,0.07936507936507936
decorative pillows,90,7459,0.11462662555302319,0.07601555168253117
gym bag,3,61,0.21311475409836064,0.08196721311475409
wood fire pit,5,95,0.12631578947368421,0.06315789473684211
king size bed frame with headboard,3,58,0.1724137931034483,0.08620689655172414
behr premium plus ultra ul22316,26,937,0.40981856990394877,0.3617929562433298
entryway bench,82,5757,0.14451971512940767,0.08181344450234497
beds,80,3672,0.09558823529411764,0.05555555555555555
window shades,51,1040,0.12115384615384615,0.07692307692307693
daybed trundle,28,659,0.125948406676783,0.06980273141122914
leather briefcases,7,130,0.12307692307692308,0.09230769230769231
grey sheets,5,81,0.09876543209876543,0.012345679012345678
nuloom area rug,44,1633,0.16166564605021433,0.03735456215554195
outdoor lounge chairs,78,5678,0.11500528355054597,0.1539274392391687
clay alder home,54,1282,0.14274570982839313,0.0187207488299532
slip cover,17,373,0.16085790884718498,0.045576407506702415
bathroom cabinets,90,6213,0.20569773056494448,0.1245774987928537
inflatable pools,16,318,0.22327044025157233,0.1918238993710692
hard luggage sets,1,74,0.05405405405405406,0.013513513513513514
white throw blanket,6,125,0.136,0.024
wall tapestries,26,668,0.25299401197604793,0.06437125748502993
bed in a bag comforter sets,6,146,0.15753424657534246,0.0136986301369863
coat hooks,16,269,0.20074349442379183,0.10408921933085502
small bookcase,4,52,0.19230769230769232,0.09615384615384616
out door rug,17,298,0.26174496644295303,0.1342281879194631
TEAL BROWN RUG,2,76,0.05263157894736842,0
porch glider,12,187,0.15508021390374332,0.15508021390374332
patio umbrella with lights,7,106,0.14150943396226415,0.07547169811320754
metal platform beds,7,160,0.13125,0.05
BED FRAMES and headboards,57,2499,0.20328131252501,0.11164465786314526
rug runner,57,1787,0.13822048125349748,0.039731393396754335
tory burch watch,2,52,0.038461538461538464,0.038461538461538464
deck box,80,4324,0.14222941720629048,0.21438482886216467
puerta outdoor wicker,4,59,0.1016949152542373,0
bed pillow cases,1,88,0.056818181818181816,0
plaid bedding,9,141,0.2624113475177305,0.05673758865248227
tiara,4,77,0.16883116883116883,0.2857142857142857
savannah rug,11,187,0.34759358288770054,0.03208556149732621
homestar,1,268,0.007462686567164179,0.2574626865671642
outdoor bakers rack,5,71,0.1267605633802817,0.08450704225352113
beach valance,1,125,0.072,0
behr premium plus ultra 875301,27,941,0.44739638682252925,0.33475026567481403
ivory shag rug,8,142,0.23943661971830985,0.056338028169014086
solar garden lights,7,115,0.13043478260869565,0.06086956521739131
accent chair,84,9285,0.14076467420570812,0.08508346795907377
dinette sets,70,1948,0.1740246406570842,0.10831622176591375
MENS TITANIUM RING,6,103,0.17475728155339806,0.038834951456310676
2x3 rugs,31,806,0.11662531017369727,0.02481389578163772
plush mattress,4,55,0.14545454545454545,0.07272727272727272
dog toys,23,790,0.10632911392405063,0.03417721518987342
stool,86,6443,0.2397951264938693,0.11097314915412075
table fan,5,80,0.2375,0.0875
blue sectional,6,107,0.21495327102803738,0.07476635514018691
round tablecloths,5,74,0.10810810810810811,0.013513513513513514
nearly natural,3,58,0.4482758620689655,0
water glasses,4,57,0.21052631578947367,0.017543859649122806
LEATHER CHAIRS,86,4546,0.19291684997800265,0.09414870215574131
outdoor furniture cushions,68,1859,0.17428725121032812,0.12479827864443249
king sheet set deep pocket,7,141,0.2127659574468085,0
hot cold and room temperature free-standing water cooler in black,1,66,0.015151515151515152,0
turkish towels,9,145,0.1793103448275862,0.05517241379310345
patio chair cushions,89,6206,0.1369642281662907,0.1408314534321624
ice coolers,5,71,0.15492957746478872,0.07042253521126761
garden pots,5,75,0.10666666666666667,0.08
tiffany style light,60,1465,0.1924914675767918,0.23822525597269625
candle lantern,11,318,0.11320754716981132,0.025157232704402517
entryway benches,3,74,0.22972972972972974,0.08108108108108109
royal blue sheer curtains,1,52,0.019230769230769232,0
king bed set,5,86,0.3372093023255814,0.18604651162790697
corelle dinnerware,37,662,0.14954682779456194,0.1782477341389728
easy spirit shoes,5,86,0.16279069767441862,0.03488372093023256
pearl heart dangle earrings,1,61,0.9016393442622951,0.01639344262295082
night tables,29,538,0.1970260223048327,0.10594795539033457
large rugs,20,360,0.1527777777777778,0.08333333333333333
travel jewelry,1,112,0.0625,0
8x10 safavieh rugs,1,70,0.014285714285714285,0
patio curtains,25,532,0.21804511278195488,0.041353383458646614
outdoor runners,10,252,0.1626984126984127,0.03968253968253968
walmart,45,787,0.29860228716645487,0.3545108005082592
golf balls,26,497,0.1790744466800805,0.1448692152917505
sun shades,8,130,0.26153846153846155,0.015384615384615385
palladium,9,147,0.23129251700680273,0.10204081632653061
seaside lodge,3,52,0.3269230769230769,0.1346153846153846
contemporary nightstands,3,77,0.09090909090909091,0.05194805194805195
eddie bauer bedding,41,889,0.19460067491563554,0.04611923509561305
fanny pack,21,350,0.17714285714285713,0.12
full length wall mirror,20,334,0.16467065868263472,0.17365269461077845
behr premium plus 905001,27,849,0.3934040047114252,0.37691401648998824
bathroom rugs,85,5084,0.09893784421715185,0.05684500393391031
behr marquee 445001,27,855,0.3719298245614035,0.40350877192982454
penny tile,12,192,0.13541666666666666,0.125
9 x 12 rugs,13,219,0.1917808219178082,0.0639269406392694
full platform bed,70,2630,0.19049429657794678,0.07452471482889733
reversible quilt,3,58,0.13793103448275862,0
shelf bracket,4,82,0.18292682926829268,0.10975609756097561
futon bed,50,1356,0.17920353982300885,0.13421828908554573
Undermount Kitchen Sinks,12,208,0.3076923076923077,0.08173076923076923
wyndham collection,3,63,0.12698412698412698,0
queen bed sets,2,55,0.07272727272727272,0
tanzanite rings,30,532,0.17669172932330826,0.07894736842105263
chair sleeper,5,83,0.1927710843373494,0.0963855421686747
scarf,3,145,0.06206896551724138,0.006896551724137931
bezel diamond ring,4,109,0.3211009174311927,0.009174311926605505
chair slipcovers,49,1070,0.1130841121495327,0.1205607476635514
Rug 9' x 12',3,54,0.12962962962962962,0.07407407407407407
michael kors shoes,23,536,0.20335820895522388,0.07276119402985075
woven rug,34,772,0.19818652849740934,0.07124352331606218
kids sunglasses,3,57,0.05263157894736842,0
designart circular wall art red river,1,942,0.09235668789808917,0
lavender comforter,5,79,0.22784810126582278,0.08860759493670886
patio end tables,10,235,0.11914893617021277,0.11063829787234042
oversized rugs 12x17,2,53,0.09433962264150944,0
cartier,48,1020,0.2911764705882353,0.1264705882352941
dining bench with back,16,277,0.16967509025270758,0.061371841155234655
full size day bed,14,222,0.17567567567567569,0.12162162162162163
bb cream,2,65,0.046153846153846156,0
momeni,8,144,0.16666666666666666,0.027777777777777776
circle mirror,9,155,0.23225806451612904,0.2
hutch,77,3863,0.2052808697903184,0.1592026922081284
breakfast nook,66,3118,0.18248877485567672,0.1568313021167415
queen foam mattress,4,83,0.04819277108433735,0.024096385542168676
tv antenna,6,87,0.12643678160919541,0.08045977011494253
area rugs,90,18017,0.052783482266748075,0.042015873896875174
adirondack chair,59,2016,0.11706349206349206,0.2941468253968254
cabinet,90,15090,0.18608349900596421,0.18595096090125912
stampendous fresh peony die,1,420,0.009523809523809525,0
9x12 rug,43,1403,0.12544547398431932,0.06699928724162509
king bed skirt,5,119,0.10084033613445378,0.05042016806722689
behr premium plus 430005,27,1009,0.40336967294350845,0.3597621407333994
blue quilt set,4,82,0.2073170731707317,0
paintings,68,2341,0.19179837676206749,0.07945322511747116
white pillow shams,6,107,0.2523364485981308,0.056074766355140186
accent chests,71,2300,0.16478260869565217,0.07434782608695652
wine glass,3,53,0.32075471698113206,0.05660377358490566
grey shag rug,8,162,0.19135802469135801,0.06172839506172839
tiki torches,6,94,0.10638297872340426,0.13829787234042554
full size headboard,49,1574,0.15501905972045743,0.1207115628970775
light green rag rug,2,68,0.10294117647058823,0
rainbow,4,75,0.30666666666666664,0.05333333333333334
windows,13,192,0.34375,0.28125
chevron bedding,5,73,0.2465753424657534,0.0136986301369863
metal basket bowl,1,81,0.09876543209876543,0
egyptian cotton sheet sets,19,358,0.13128491620111732,0.0335195530726257
pink rings,1,65,0.09230769230769231,0
floral shirts,1,144,0.06944444444444445,0
beach towels,68,3647,0.11159857417055113,0.08390457910611461
gopro,15,259,0.2084942084942085,0.20077220077220076
semi flush light,5,79,0.1518987341772152,0.06329113924050633
distressed ivory rug,2,66,0.06060606060606061,0
diamond anniversary rings,3,55,0.34545454545454546,0
usb flash drive,1,96,0.08333333333333333,0
colored diamond rings,2,59,0.1864406779661017,0.01694915254237288
7x7 rug,4,66,0.12121212121212122,0.10606060606060606
rugs 9X 12,2,59,0.06779661016949153,0.01694915254237288
Coaster,11,154,0.22077922077922077,0.05844155844155844
patio sectional sofa,12,342,0.09064327485380116,0.06140350877192982
cross ring,2,76,0.6052631578947368,0
bra,19,410,0.1902439024390244,0.041463414634146344
bernhardt,8,127,0.44881889763779526,0.12598425196850394
wood coffee table,48,1166,0.16295025728987994,0.10806174957118353
oversized recliners,10,144,0.18055555555555555,0.1111111111111111
tungsten wedding bands,4,65,0.15384615384615385,0.015384615384615385
cotton throw blanket,2,99,0.09090909090909091,0.010101010101010102
contemporary bar stools,3,75,0.12,0.02666666666666667
office storage,16,342,0.20175438596491227,0.07602339181286549
safeviah,4,55,0.3090909090909091,0.09090909090909091
freestanding bathtubs,20,311,0.16720257234726688,0.10610932475884244
black runner,4,86,0.5232558139534884,0
outdoor patio chairs,8,129,0.2868217054263566,0.03875968992248062
gold decor,8,160,0.28125,0.04375
flat weave rug,14,235,0.2425531914893617,0.05531914893617021
BAKERS RACK,83,3640,0.17142857142857143,0.16153846153846155
organic cotton sheets,9,181,0.15469613259668508,0.04419889502762431
NYX,2,95,0.09473684210526316,0
9 x 12 grey solid area rug,1,75,0.05333333333333334,0.013333333333333334
turntable,8,122,0.1721311475409836,0.08196721311475409
fathers day gifts,12,329,0.08206686930091185,0.0668693009118541
women's briefcase,4,62,0.1935483870967742,0.04838709677419355
cafe table,27,459,0.24618736383442266,0.23311546840958605
cargo shorts,3,67,0.11940298507462686,0.029850746268656716
outdoor swings,14,199,0.21608040201005024,0.09045226130653267
behr premium plus 405001,27,881,0.3870601589103292,0.3745743473325766
door hardware,12,166,0.18674698795180722,0.06626506024096386
king bed skirts,4,51,0.13725490196078433,0.058823529411764705
bike rack,34,658,0.19908814589665655,0.1276595744680851
pullout couch,4,56,0.19642857142857142,0.14285714285714285
Animal Art,4,127,0.09448818897637795,0
tunic,17,290,0.21724137931034482,0.05172413793103448
MICKEY MOUSE,27,428,0.397196261682243,0.17523364485981308
bookcase headboard,23,380,0.19736842105263158,0.08421052631578947
sleigh bed king,4,67,0.29850746268656714,0.08955223880597014
car subwoofers,4,63,0.30158730158730157,0.06349206349206349
shower,23,382,0.18324607329842932,0.078534031413612565
eyebrow pencil,4,91,0.10989010989010989,0.01098901098901099
black dining chair,4,71,0.2535211267605634,0.04225352112676056
lucid queen mattress,3,59,0.06779661016949153,0.03389830508474576
fire pit table,55,1289,0.1590380139643134,0.17377812257564004
lap desk,4,64,0.125,0.0625
round wood dining table,4,71,0.15492957746478872,0.028169014084507043
kids bedroom furniture,26,565,0.17168141592920355,0.09026548672566372
modern dining chair,56,1749,0.22412807318467695,0.06632361349342482
barefoot bungalow,4,102,0.11764705882352941,0.0196078431372549
kenneth cole,7,119,0.17647058823529413,0.5378151260504201
twin bedspread,64,1591,0.21370207416719045,0.07039597737272156
murphy beds,13,238,0.13865546218487396,0.08823529411764706
evening,18,523,0.15296367112810708,0.04780114722753346
seahorse,5,257,0.07003891050583658,0.011673151750972763
outdoor lanterns for the porch floor,6,92,0.16304347826086957,0.18478260869565216
jordan shoes,32,966,0.20186335403726707,0.09006211180124224
king bed,82,8481,0.14514797783280273,0.09692253272019809
cow rug,8,107,0.205607476635514,0.09345794392523364
adjustable bar stool,6,93,0.24731182795698925,0.021505376344086023
Puerta,37,841,0.10107015457788347,0.0558858501783591
cotton,4,69,0.34782608695652173,0.15942028985507245
tufted loveseat,16,358,0.20391061452513967,0.061452513966480445
evaporative cooler,5,69,0.2753623188405797,0.07246376811594203
stars,5,70,0.5142857142857142,0.04285714285714286
corbels,4,68,0.16176470588235295,0.08823529411764706
sex toys,30,527,0.4629981024667932,0.16129032258064516
yellow comforters,3,51,0.0784313725490196,0.0196078431372549
crossbody,7,714,0.04341736694677871,0.0056022408963585435
c table,44,947,0.13621964097148892,0.14994720168954592
ikea,31,535,0.27476635514018694,0.3663551401869159
engagement rings,6,105,0.10476190476190476,0.08571428571428572
garden arch,5,76,0.13157894736842105,0.09210526315789473
pool towel,2,53,0.05660377358490566,0.018867924528301886
crystal table lamps,5,67,0.19402985074626866,0.014925373134328358
rasta,1,56,0.017857142857142856,0
embroidery,6,100,0.21,0.05
yoga,13,209,0.2679425837320574,0.12440191387559808
lounge cushions,25,575,0.10956521739130434,0.07130434782608695
queen bed sheets,15,320,0.103125,0.046875
white sandals,11,204,0.2107843137254902,0.058823529411764705
outdoor activities,1,55,0.8363636363636363,0.01818181818181818
hexagon tile,26,441,0.1655328798185941,0.10884353741496598
hearth rugs,4,94,0.06382978723404255,0.0851063829787234
moissanite engagement rings,31,786,0.178117048346056,0.06997455470737914
bathroom stool,3,68,0.07352941176470588,0.04411764705882353
purple comforter sets queen,12,259,0.2548262548262548,0.03861003861003861
behr premium plus 534001,27,958,0.4133611691022965,0.34237995824634654
lockers,19,288,0.16666666666666666,0.2465277777777778
parsons chairs,22,451,0.1419068736141907,0.05321507760532151
brown ottomans,6,132,0.25,0.03787878787878788
deep seat cushion,32,680,0.11029411764705882,0.23970588235294119
queen metal headboard,3,57,0.24561403508771928,0.017543859649122806
tankinis,4,61,0.22950819672131148,0.03278688524590164
braxton studio,16,277,0.4693140794223827,0.061371841155234655
gold pillow,13,244,0.2827868852459016,0.045081967213114756
slippers,26,458,0.18340611353711792,0.12008733624454149
tk classics,15,302,0.2682119205298013,0.06622516556291391
teal quilt,7,136,0.15441176470588236,0.022058823529411766
poker table,24,421,0.17339667458432304,0.1496437054631829
door curtain,3,69,0.14492753623188406,0
hamper,65,2754,0.12854030501089325,0.09041394335511982
italy decor,2,76,0.23684210526315788,0.013157894736842105
wall scones,7,99,0.30303030303030304,0.1111111111111111
women's watches,38,1069,0.07857811038353602,0.03648269410664172
queen bedroom comforter set,1,60,0.016666666666666666,0
tiffany floor lamps,7,112,0.23214285714285715,0.03571428571428571
behr premium 673001,24,674,0.41097922848664686,0.39465875370919884
rustic desk,22,471,0.15074309978768577,0.11252653927813164
shower faucet set,6,98,0.25510204081632654,0.05102040816326531
neocutis,6,97,0.15463917525773196,0.14432989690721648
living room accent chair,5,126,0.1349206349206349,0.015873015873015872
foundation,8,128,0.1796875,0.0859375
solar panels,8,127,0.29133858267716534,0.13385826771653545
propane fire table,6,87,0.16091954022988506,0.25287356321839083
out door lighting,2,62,0.25806451612903225,0.04838709677419355
accent bench,8,148,0.2635135135135135,0.07432432432432433
opi,4,485,0.02268041237113402,0.002061855670103093
pool chairs,61,1531,0.186152841280209,0.4356629653821032
computer monitor,36,694,0.17435158501440923,0.19452449567723343
faux fur throw blanket,2,86,0.06976744186046512,0
portable air conditioner,39,1111,0.11701170117011701,0.11251125112511251
salt and pepper shakers,11,227,0.1145374449339207,0.013215859030837005
gray throw pillows,4,204,0.12254901960784313,0.024509803921568627
outdoor wreaths,4,57,0.10526315789473684,0.05263157894736842
cast iron cookware,8,122,0.14754098360655737,0.12295081967213115
decorative,10,240,0.45416666666666666,0.0375
outdoor dining,67,2679,0.150802538260545,0.11608809257185516
mannequin,7,96,0.17708333333333334,0.11458333333333333
chair beds,4,58,0.10344827586206896,0.15517241379310345
unite,3,70,0.05714285714285714,0.014285714285714285
sink,22,359,0.14763231197771587,0.027855153203342618
grey dining chair,8,120,0.21666666666666667,0.058333333333333334
decorative bowls,6,102,0.5490196078431373,0.0392156862745098
blankets &amp throws,2,59,0.0847457627118644,0.01694915254237288
antique daybed sleeper fits a xl twin mattress,1,74,0.013513513513513514,0
wok,6,118,0.1440677966101695,0.09322033898305085
kathy ireland pillow cases,1,52,0.057692307692307696,0
king pillow sham,1,156,0.00641025641025641,0
funko,3,51,0.19607843137254902,0.13725490196078433
yellow rugs,43,1115,0.17130044843049327,0.07443946188340807
hand knotted rugs 8x10,2,193,0.8238341968911918,0.015544041450777202
queen metal beds,5,77,0.12987012987012986,0.012987012987012988
small bookcases,5,68,0.27941176470588236,0.08823529411764706
gold lamp,13,244,0.19262295081967212,0.04918032786885246
patio sofa,6,93,0.0967741935483871,0.07526881720430108
end,2,61,0.29508196721311475,0.01639344262295082
light weight comforter,4,60,0.36666666666666664,0.06666666666666667
baby girl bedding crib sets,3,65,0.09230769230769231,0.06153846153846154
Mission,7,94,0.14893617021276595,0.1276595744680851
small picture frames,1,52,0.019230769230769232,0
picture frames,69,2571,0.1808634772462077,0.11901983663943991
heat transfer vinyl,2,69,0.07246376811594203,0.028985507246376812
bathroom accessory set,12,204,0.10294117647058823,0.0392156862745098
wall art wood,2,95,0.15789473684210525,0
gold anniversary ring kaysjewelry,1,57,0.10526315789473684,0
leather sectional couch,6,128,0.09375,0.078125
quilted blankets,2,93,0.12903225806451613,0.010752688172043012
beach tote,4,80,0.1375,0.025
shoe racks,24,417,0.1774580335731415,0.11510791366906475
gray sofa pillows,1,90,0.011111111111111112,0
farmhouse mirror,8,128,0.234375,0.09375
white leather bar stools,3,176,0.07386363636363637,0.005681818181818182
table top,75,2745,0.20692167577413478,0.40437158469945356
outdoor wicker chairs,4,81,0.20987654320987653,0.04938271604938271
suitcases,20,327,0.24464831804281345,0.10397553516819572
black sectional,5,72,0.16666666666666666,0.05555555555555555
burgandy valance,2,52,0.15384615384615385,0
balcony furniture,14,242,0.2231404958677686,0.2190082644628099
full quilt,3,83,0.20481927710843373,0.060240963855421686
safavieh rug,90,9213,0.20481927710843373,0.029197872571366548
patio lounge,9,188,0.19148936170212766,0.05319148936170213
outdoor couch,54,2434,0.11216105176663928,0.1306491372226787
chandler,4,51,0.5098039215686274,0.0392156862745098
king size bed,32,564,0.15780141843971632,0.12056737588652482
blue and yellow flower rug,1,76,0.013157894736842105,0
storage bed frame queen,11,223,0.08520179372197309,0.1031390134529148
BATHROOM,63,1890,0.1693121693121693,0.06666666666666667
cbd oil,3,59,0.1016949152542373,0.05084745762711865
books,77,2143,0.33457769482034533,0.24498366775548297
bathroom spacesaver,5,82,0.21951219512195122,0.07317073170731707
small round dining table,6,101,0.09900990099009901,0.039603960396039604
raina nightstand,3,91,0.06593406593406594,0.6813186813186813
TABLES AND CHAIRS,3,69,0.6521739130434783,0.028985507246376812
nautical bedding,74,2273,0.18653761548614167,0.062032556093268805
fitted sheet,13,279,0.11827956989247312,0.06451612903225806
outdoor patio rugs,43,951,0.20609884332281808,0.07360672975814932
shea moisture,11,218,0.18807339449541285,0.0871559633027523
image,10,211,0.0995260663507109,0.023696682464454975
superior egyptian cotton 1200 thread count solid deep pocket sheet set,2,53,0.05660377358490566,0
boho quilt,3,66,0.16666666666666666,0.15151515151515152
riding lawn mower,22,369,0.3224932249322493,0.35501355013550134
drop leaf table,86,3868,0.15692864529472594,0.1703722854188211
cell phone ring,1,76,0.19736842105263158,0
quilting supplies,4,117,0.13675213675213677,0.03418803418803419
storage shelves,67,1901,0.25828511309836927,0.185691741188848
bed runner,7,125,0.216,0.088
cardigan,4,79,0.22784810126582278,0.05063291139240506
oliver gal,29,614,0.15146579804560262,0.050488599348534204
pot,18,261,0.40229885057471265,0.10727969348659004
turquoise rugs,33,645,0.26046511627906976,0.14108527131782947
astroturf,3,69,0.10144927536231885,0.028985507246376812
black and white curtains,19,326,0.17484662576687116,0.08588957055214724
outside pillows,6,101,0.22772277227722773,0.0594059405940594
brita filter,1,66,0.12121212121212122,0.015151515151515152
rug runners 2'6 x 8',10,178,0.11797752808988764,0.06179775280898876
pink,41,785,0.3363057324840764,0.0929936305732484
bat box,1,182,0.06043956043956044,0
black headboard,5,78,0.2692307692307692,0.038461538461538464
music,8,123,0.36585365853658536,0.11382113821138211
recliners slipcover,11,160,0.1625,0.1875
small ottoman,31,718,0.1671309192200557,0.057103064066852366
Disposable Napkins,1,66,0.015151515151515152,0
cotton blankets,75,2930,0.10511945392491467,0.03617747440273038
area rugs 8x11,4,97,0.29896907216494845,0.08247422680412371
gray quilt,10,240,0.125,0.025
center table,12,199,0.27638190954773867,0.11055276381909548
outdoor clock,57,1348,0.15875370919881307,0.1572700296735905
DYSON,69,3466,0.1330063473744951,0.23658395845354876
dinnerware set,55,1515,0.13927392739273928,0.08514851485148515
saphire ring,7,129,0.16279069767441862,0.031007751937984496
linen bench,5,103,0.14563106796116504,0.009708737864077669
bed table,4,141,0.1773049645390071,0.02127659574468085
sakroots,24,508,0.16338582677165353,0.06496062992125984
rayon from bamboo,1,145,0.013793103448275862,0
yellow shower curtain,5,112,0.17857142857142858,0.026785714285714284
massage table,36,679,0.13696612665684832,0.15022091310751104
gray sectional sofas,3,96,0.0625,0.125
WOOL AREA RUGS,64,1974,0.15704154002026344,0.03951367781155015
oribe,51,1331,0.15477084898572502,0.067618332081142
black curtain,2,56,0.17857142857142858,0.05357142857142857
king platform bed,81,6711,0.12591268067352107,0.09029950827000446
china hutch,19,329,0.24924012158054712,0.1884498480243161
blue nightstand,7,95,0.3157894736842105,0.042105263157894736
beautyrest,5,99,0.1414141414141414,0.1414141414141414
bounce houses,34,968,0.11673553719008264,0.125
aprons,2,313,0.012779552715654952,0.003194888178913738
tom ford sunglasses,50,1426,0.17110799438990182,0.07503506311360449
mirrored tables,6,118,0.3135593220338983,0.13559322033898305
Fountains,73,2226,0.16082659478885894,0.09389038634321653
glider,89,5991,0.21665832081455516,0.2587214154565181
patagonia,10,140,0.3,0.18571428571428572
Claude Monet,7,209,0.09090909090909091,0.014354066985645933
fendi handbags,6,95,0.5578947368421052,0.16842105263157894
puma shoes,6,106,0.3018867924528302,0.04716981132075472
Oversized Wall Decor,2,70,0.05714285714285714,0
mirrored console,8,115,0.16521739130434782,0.0782608695652174
urn,11,167,0.32934131736526945,0.0658682634730539
farmhouse table,78,5258,0.1685051350323317,0.1513883605933815
wood floor lamps,3,69,0.18840579710144928,0.014492753623188406
white down comforter,3,52,0.11538461538461539,0.057692307692307696
ferragamo,6,99,0.48484848484848486,0.08080808080808081
statue,16,253,0.20553359683794467,0.04743083003952569
Tv s,10,260,0.11153846153846154,0.1076923076923077
pool table,59,1800,0.1638888888888889,0.225
dinning room table and chairs,2,70,0.45714285714285713,0.02857142857142857
shed,74,4102,0.12481716235982447,0.16772306192101413
hallway runner,45,1233,0.15815085158150852,0.050283860502838604
counter height bar stools,82,3602,0.1404775124930594,0.072182121043864525
ottoman storage,9,142,0.16901408450704225,0.04929577464788732
men's belts,3,52,0.19230769230769232,0.038461538461538464
furniture of,6,115,0.1826086956521739,0
mid century bed,18,493,0.09127789046653144,0.060851926977687626
stampendous fresh peony,1,210,0.004761904761904762,0
cape cod,3,69,0.2028985507246377,0.014492753623188406
sterling silver earrings,52,1313,0.22543792840822544,0.044173648134044174
memory foam mattress,49,2017,0.051065939514129896,0.034209221616261776
la roche posay,2,99,0.050505050505050504,0.010101010101010102
ear cuff,4,69,0.18840579710144928,0.028985507246376812
modern wall decor,4,62,0.16129032258064516,0.04838709677419355
california king bed,66,4035,0.20322180916976457,0.08599752168525403
white nightstand,71,3873,0.16498838109992253,0.10172992512264395
bed with drawers,5,65,0.1076923076923077,0.07692307692307693
flower curtains,3,60,0.18333333333333332,0.03333333333333333
linen closet,5,68,0.23529411764705882,0.22058823529411764
light blue shag rug,1,70,0.08571428571428572,0
white leather chair,14,241,0.21991701244813278,0.029045643153526972
twin beds adult,4,67,0.13432835820895522,0.05970149253731343
valences,13,191,0.2774869109947644,0.10471204188481675
rainbow rug,14,232,0.20689655172413793,0.07327586206896551
indoor outdoor carpet,7,107,0.2897196261682243,0.07476635514018691
walker,5,76,0.21052631578947367,0.013157894736842105
strapless bras,4,114,0.21052631578947367,0
industrial bookcase,6,96,0.11458333333333333,0.0625
washers,8,210,0.10476190476190476,0.1380952380952381
oval rugs,72,2163,0.16319926028663892,0.06888580674988443
collage picture frame,12,201,0.15422885572139303,0.06965174129353234
mens sneakers,18,391,0.11253196930946291,0.061381074168797956
garden shed,11,161,0.19254658385093168,0.12422360248447205
2' x 3' rug,4,86,0.11627906976744186,0
kids decor,5,136,0.16911764705882354,0.022058823529411766
foyer lighting,7,147,0.19047619047619047,0.02040816326530612
tuxedo,26,509,0.14145383104125736,0.09823182711198428
pedestal,26,480,0.31666666666666665,0.08541666666666667
outdoor rocking chair cushions,3,137,0.072992700729927,0.021897810218978103
navy blue kitchen %26 bathroom accessories,1,72,0.013888888888888888,0
POND PUMPS,2,51,0.09803921568627451,0.058823529411764705
keurig coffee maker,52,1198,0.22203672787979967,0.21702838063439064
black tv stands,6,103,0.10679611650485436,0.06796116504854369
swivel chair,42,913,0.2059145673603505,0.06462212486308871
plastic wine glasses,3,51,0.09803921568627451,0.0392156862745098
full cotton quilt,1,63,0.31746031746031744,0
octopus,28,576,0.16493055555555555,0.13194444444444445
strick and bolton,7,92,0.17391304347826086,0.03260869565217391
outdoor fan,59,1712,0.254088785046729,0.10397196261682243
womens pajamas,7,121,0.2066115702479339,0.03305785123966942
vibrator,9,146,0.3698630136986301,0.0821917808219178
king size sheets,42,883,0.1551528878822197,0.06908267270668177
london topaz earrings,1,78,0.02564102564102564,0
waterproof,1,52,0.038461538461538464,0
bistro sets,90,6769,0.17151721081400503,0.11848131186290442
summer hats,3,69,0.17391304347826086,0.028985507246376812
OUTDOOR SHELVES,4,67,0.22388059701492538,0.05970149253731343
decorative mirrors,82,3489,0.21610776726855832,0.09630266552020636
grey curtains,33,742,0.2210242587601078,0.0660377358490566
wardrobe,69,2894,0.11921216309606082,0.12197650310988252
cutlery,3,82,0.07317073170731707,0
lenox,7,104,0.17307692307692307,0.04807692307692308
white gold,4,54,0.2962962962962963,0.07407407407407407
digital camera,46,1116,0.1881720430107527,0.10663082437275985
white tufted bed,4,56,0.10714285714285714,0.125
cat tree,58,2009,0.08163265306122448,0.14235938277750124
wind chimes,58,1675,0.12477611940298508,0.08895522388059701
fendi sunglasses,10,186,0.25806451612903225,0.05913978494623656
pool toys,58,1953,0.13517665130568357,0.0742447516641065
dining table,90,15198,0.14883537307540465,0.10034215028293196
dining chair,46,1277,0.08457321848081441,0.03210649960845732
stand alone headboard,1,83,0.1686746987951807,0
gray bed euro slats studs queen,1,77,0.012987012987012988,0
small succulents plants,1,91,0.03296703296703297,0
plastic silverware white,1,78,0.02564102564102564,0
Wall hanging Tapestry,3,84,0.20238095238095238,0.03571428571428571
newborn bibs,1,60,0.016666666666666666,0
vanity desk,48,1242,0.177938808373591,0.11513687600644122
target,15,225,0.26222222222222225,0.40444444444444444
grey recliner,4,63,0.12698412698412698,0.07936507936507936
industrial lamp,4,69,0.34782608695652173,0.028985507246376812
industrial nightstand,4,76,0.19736842105263158,0.013157894736842105
teen boys bedding,10,202,0.1485148514851485,0.0297029702970297
birdbath,52,1241,0.1635777598710717,0.12651087832393232
medical alert id bracelet,1,54,0.9444444444444444,0.018518518518518517
animal print pillows,3,53,0.6981132075471698,0.03773584905660377
silver earrings,28,901,0.19755826859045506,0.026637069922308545
pro racer game stand,1,158,0.006329113924050633,0
pots,57,1229,0.39788445890968266,0.07485760781122865
set of 4 jumbo pillow fill,1,147,0.034013605442176874,0
striped curtains,15,318,0.22327044025157233,0.05345911949685535
frames,57,1735,0.19711815561959653,0.11527377521613832
ladybug,5,108,0.12962962962962962,0.018518518518518517
blue diamond,15,314,0.32802547770700635,0.05732484076433121
WICKER BASKETS,50,1135,0.24581497797356827,0.14625550660792952
vanity sink,24,389,0.2236503856041131,0.08483290488431877
cal king bedspread,4,70,0.11428571428571428,0
gazing ball,14,246,0.14227642276422764,0.15040650406504066
Pool Floats,64,2614,0.09219586840091813,0.12241775057383321
lake decor,13,293,0.27303754266211605,0.040955631399317405
decorative bed pillows,3,51,0.17647058823529413,0.0392156862745098
fur pouf,2,89,0.1797752808988764,0.011235955056179775
tower fans,5,65,0.18461538461538463,0.13846153846153847
kitchen chandelier,5,107,0.11214953271028037,0.06542056074766354
BoxSpring,34,761,0.1747700394218134,0.09724047306176084
daniel wellington,8,201,0.20398009950248755,0.07462686567164178
dylusions paint,1,54,0.05555555555555555,0
full size bunk bed,3,52,0.11538461538461539,0.15384615384615385
lamps with ports,1,90,0.011111111111111112,0
plus size women's clothes,1,59,0.288135593220339,0.01694915254237288
small table,66,1667,0.2501499700059988,0.15356928614277143
trampolines,6,93,0.25806451612903225,0.16129032258064516
spice,3,58,0.20689655172413793,0.017241379310344827
behr marquee 545305,26,926,0.4168466522678186,0.3952483801295896
queen bedskirt,36,782,0.14194373401534527,0.04475703324808184
white chairs,59,1858,0.2534983853606028,0.15931108719052745
outdoor wicker patio furniture,8,100,0.16,0.11
charm bracelet,3,58,0.1206896551724138,0.034482758620689655
greendale home fashions 72-inch outdoor chaise lounge cushion sapphire,1,62,0.016129032258064516,0
bed skirts,37,947,0.10242872228088701,0.03801478352692714
hooked rugs,4,88,0.10227272727272728,0
hose holder,18,297,0.25252525252525254,0.17845117845117844
leather reclining sofa,6,101,0.16831683168316833,0.0891089108910891
pools,67,3138,0.12396430847673677,0.27979604843849587
down bedding,2,123,0.12195121951219512,0.17073170731707318
buffets,86,3692,0.15222101841820151,0.10211267605633803
men short sleeve slim fit,1,55,0.01818181818181818,0
24 inch vanity,8,117,0.18803418803418803,0.042735042735042736
taupe rug,8,126,0.19047619047619047,0.03968253968253968
cell phone cases,6,79,0.26582278481012656,0.1518987341772152
navy rugs,41,829,0.2014475271411339,0.1218335343787696
black and white comforter set,6,115,0.11304347826086956,0.043478260869565216
flat irons,17,293,0.17406143344709898,0.11262798634812286
sewing,8,186,0.06989247311827956,0.026881720430107527
grey shag rugs,17,488,0.17827868852459017,0.07172131147540983
melamine dinnerware,71,1996,0.1492985971943888,0.10470941883767534
duvet insert,43,1032,0.10368217054263566,0.06492248062015504
18x18 white throw pillows,1,72,0.013888888888888888,0
insinkerator,3,55,0.12727272727272726,0
portable closets,12,191,0.31413612565445026,0.1256544502617801
wine rack tables,3,63,0.20634920634920634,0.06349206349206349
christopher knight outdoor furniture,7,103,0.2524271844660194,0.10679611650485436
wood dining chairs,16,287,0.14982578397212543,0.059233449477351915
2 x 3 rug,5,82,0.08536585365853659,0
driftwood,38,833,0.17767106842737096,0.15606242496998798
bathroom scales,7,138,0.09420289855072464,0.06521739130434782
extendable dining table,44,960,0.16458333333333333,0.08958333333333333
tension rod,13,282,0.15602836879432624,0.028368794326241134
desktop computer,50,1151,0.1685490877497828,0.10165073848827107
wing back chair slip covers,5,189,0.05291005291005291,0.037037037037037035
green throw pillows,4,80,0.1375,0.0625
silver decorative pillow,1,136,0.07352941176470588,0
stand mixer,5,67,0.16417910447761194,0.11940298507462686
designart,3,102,0.10784313725490197,0.00980392156862745
queen futon mattress,5,87,0.14942528735632185,0.10344827586206896
bare minerals,9,201,0.12935323383084577,0.05472636815920398
table clocks,14,297,0.16498316498316498,0.037037037037037035
breakfast bar chairs,3,66,0.06060606060606061,0.045454545454545456
cal king bedding,25,750,0.23866666666666667,0.052
lamps &amp lighting,4,61,0.16393442622950818,0.06557377049180328
behr premium plus 540005,27,740,0.4135135135135135,0.3621621621621622
christmas dies,1,100,0.02,0
kitchen pantry,72,2656,0.1743222891566265,0.1460843373493976
grill cover,27,496,0.14919354838709678,0.05846774193548387
mens shoes,22,424,0.09669811320754718,0.04481132075471698
wrap dress,6,111,0.23423423423423423,0.09009009009009009
FEATHER,3,57,0.21052631578947367,0.017543859649122806
patio chaise lounge,3,69,0.15942028985507245,0.028985507246376812
spindle chair,4,60,0.23333333333333334,0.08333333333333333
counter kitchen stools blue,1,60,0.06666666666666667,0
toiletry bags,5,94,0.18085106382978725,0.010638297872340425
behr premium plus ultra 275301,26,1016,0.45177165354330706,0.33070866141732286
tv stand with fireplace,13,235,0.2680851063829787,0.06382978723404255
plant shelves,5,68,0.1323529411764706,0.35294117647058826
underbed storage,11,163,0.2085889570552147,0.15950920245398773
8 X 10 Outdoor rug,3,53,0.05660377358490566,0.11320754716981132
pillows outdoor,2,103,0.8543689320388349,0.009708737864077669
cube,5,73,0.3287671232876712,0.1506849315068493
fire pit dining table set,2,52,0.6538461538461539,0.07692307692307693
black patio furniture,4,82,0.13414634146341464,0.06097560975609756
side table with drawers,20,349,0.14613180515759314,0.10028653295128939
55 x 18 bench cushion,1,80,0.0125,0
pink rugs,41,1001,0.16283716283716285,0.06993006993006994
moissanite rings,57,2438,0.13002461033634127,0.07834290401968827
juniper home rug,1,54,0.24074074074074073,0.05555555555555555
Coastal bedding sets,3,66,0.3181818181818182,0.030303030303030304
outdoor serving cart,4,66,0.24242424242424243,0.09090909090909091
cushions,89,5448,0.19823788546255505,0.16868575624082233
wire baskets,2,59,0.2033898305084746,0.05084745762711865
small entry table,3,59,0.23728813559322035,0.06779661016949153
bakhtiari wool 3 foot by 5 foot rug,1,108,0.7314814814814815,0
velvet comforter,3,51,0.3333333333333333,0.0784313725490196
jimmy choo,6,92,0.13043478260869565,0.043478260869565216
twin beds,75,2569,0.15998442973919813,0.15103152977812379
small sofa,29,564,0.26595744680851063,0.13297872340425532
white outdoor bench,6,85,0.2,0.07058823529411765
plate sets,14,281,0.17793594306049823,0.03914590747330961
settee bench,14,274,0.19343065693430658,0.05474452554744526
dior,11,186,0.17204301075268819,0.10215053763440861
shag rug,77,6690,0.15216741405082213,0.06098654708520179
split king sheets,45,1104,0.13949275362318841,0.05434782608695652
white purse,1,157,0.006369426751592357,0
mudroom storage,5,71,0.16901408450704225,0.14084507042253522
600 Thread Count sheets,4,68,0.22058823529411764,0.029411764705882353
ottoman,90,16890,0.1452930728241563,0.09182948490230906
metal queen bed,8,170,0.15294117647058825,0.041176470588235294
crayons,6,147,0.061224489795918366,0
men dress shoes,6,100,0.3,0.04
kids bedding sets,3,54,0.2037037037037037,0.018518518518518517
nest,11,173,0.1676300578034682,0.2774566473988439
playground equipment,5,78,0.48717948717948717,0.05128205128205128
sunbrella outdoor cushions,8,114,0.17543859649122806,0.08771929824561403
geometric pattern rug,9,167,0.3592814371257485,0.029940119760479042
room decor,6,117,0.4358974358974359,0.1623931623931624
Wall bed,18,305,0.17049180327868851,0.14098360655737704
cuff bracelet,10,205,0.12682926829268293,0.02926829268292683
embroidered pillows,4,56,0.32142857142857145,0.05357142857142857
mosaic tile,37,796,0.2236180904522613,0.08165829145728644
car seats,5,70,0.1,0.02857142857142857
purple shag rug,6,145,0.2,0.013793103448275862
tory burch shoes,14,227,0.34801762114537443,0.1762114537444934
diophy bags,26,457,0.12035010940919037,0.1050328227571116
tissot,27,466,0.19742489270386265,0.11587982832618025
sex,4,58,0.29310344827586204,0.1206896551724138
cape coral,53,1845,0.1008130081300813,0.046612466124661245
LEATHER SECTIONALS,82,5411,0.15893550175568286,0.09000184808722972
aquamarine jewelry,9,151,0.2781456953642384,0.07947019867549669
name necklace,8,115,0.45217391304347826,0.06956521739130435
white leather ottoman,13,180,0.24444444444444444,0.1388888888888889
mom,4,67,0.29850746268656714,0.1044776119402985
square coffee table with storage,5,80,0.2125,0.0625
terrarium,23,354,0.211864406779661,0.3050847457627119
power reclining sofa,5,86,0.27906976744186046,0.046511627906976744
queen bedroom sets on sale,5,84,0.2976190476190476,0.07142857142857142
primigi shoe,1,72,0.041666666666666664,0
girls bed,6,95,0.18947368421052632,0.042105263157894736
cameras,30,510,0.21764705882352942,0.10196078431372549
crafters companion,2,83,0.04819277108433735,0
linen tower,43,933,0.15112540192926044,0.13183279742765272
garden stool,90,7775,0.14572347266881028,0.09337620578778134
tote bag,29,636,0.18238993710691823,0.0660377358490566
bamboo roman shade,6,108,0.12037037037037036,0.027777777777777776
outdoor chandelier,31,660,0.17727272727272728,0.11818181818181818
kids bookshelf,24,521,0.14587332053742802,0.10748560460652591
bar stool sets,11,225,0.21333333333333335,0.05333333333333334
mirrored nightstand,33,688,0.16715116279069767,0.06395348837209303
recliner sofa,40,757,0.15323645970937913,0.0977542932628798
Dog Kennel,20,358,0.12569832402234637,0.11452513966480447
12 inch memory foam mattress,4,65,0.4,0.06153846153846154
farmhouse bench,10,175,0.21714285714285714,0.08
island light,16,280,0.18928571428571428,0.06428571428571428
kitchen towels,56,1932,0.12681159420289856,0.052795031055900624
moonstone ring,11,167,0.23353293413173654,0.10778443113772455
antique furniture,4,61,0.3770491803278688,0.09836065573770492
2x4 rug,3,55,0.3090909090909091,0
gas firepit,33,660,0.15303030303030302,0.14545454545454545
badgsley pumps,1,105,0.01904761904761905,0
Atlanta Braves,2,64,0.046875,0
scrapbook adhesives by 3l 01252 e-z runner grand refill - repo dots,1,210,0.004761904761904762,0
diamond earrings,36,855,0.08771929824561403,0.07953216374269007
outdoor dinning sets,13,306,0.1437908496732026,0.09803921568627451
counter height table sets,20,371,0.16172506738544473,0.07277628032345014
king size comforter,25,513,0.1871345029239766,0.0682261208576998
womens skechers,46,1170,0.18376068376068377,0.05213675213675214
white and chrome coffe and end table set,1,58,0.017241379310344827,0
rain coat,9,118,0.2966101694915254,0.11864406779661017
grill,79,5186,0.2221365214037794,0.16409564211338218
red sandals,4,74,0.2702702702702703,0.0945945945945946
grey area rug,20,362,0.20441988950276244,0.04143646408839779
KITCHEN LIGHTING,68,1751,0.20788121073672186,0.10279840091376356
outdoor shelter,4,165,0.04242424242424243,0.2727272727272727
ninja blender,14,219,0.1278538812785388,0.1278538812785388
8 inch bracelet,1,114,0.02631578947368421,0
golf drivers,4,81,0.1111111111111111,0.08641975308641975
10x12 rug,7,119,0.24369747899159663,0.04201680672268908
single bed,6,75,0.18666666666666668,0.10666666666666667
chairs,90,28837,0.190137670354059,0.24718243922738148
solid rugs,4,52,0.2692307692307692,0.057692307692307696
cornhole set,5,102,0.06862745098039216,0.17647058823529413
mules,2,69,0.17391304347826086,0.014492753623188406
mid century modern nightstand,4,79,0.17721518987341772,0.02531645569620253
madison park comforter sets,36,764,0.15575916230366493,0.04712041884816754
double recliner,13,208,0.23557692307692307,0.2932692307692308
occasional chair,13,190,0.17894736842105263,0.12105263157894737
bed skirt king,4,90,0.3333333333333333,0.05555555555555555
beige area rug,20,484,0.18388429752066116,0.04338842975206612
mat,7,100,0.28,0.07
nike presto,4,51,0.21568627450980393,0.09803921568627451
dining light,4,117,0.05128205128205128,0.017094017094017096
tempurpedic,16,295,0.13559322033898305,0.07457627118644068
garden statues,24,554,0.18231046931407943,0.05956678700361011
stand up paddle boards,15,290,0.11379310344827587,0.16896551724137931
rayban clubmaster,18,300,0.23,0.4033333333333333
women nike shoes,3,78,0.07692307692307693,0.038461538461538464
lights for bathroom,1,66,0.22727272727272727,0
coastal wall decor,5,93,0.15053763440860216,0.021505376344086023
dinning room chairs,14,215,0.12558139534883722,0.04186046511627907
angel necklace,3,57,0.12280701754385964,0.017543859649122806
artificial silk plants,6,100,0.33,0.22
Barbeque,7,116,0.25,0.16379310344827586
micheal kors handbags,9,157,0.21019108280254778,0.08280254777070063
Gazebos &amp Pergolas,18,385,0.14025974025974025,0.1012987012987013
lift top table,33,679,0.17525773195876287,0.13549337260677466
swing sets,85,7614,0.10927239296033622,0.1333070659311794
black and white photography,2,51,0.49019607843137253,0
swivel accent chair,11,179,0.17318435754189945,0.0893854748603352
full length mirror,75,4196,0.1394184938036225,0.20066730219256435
bed spreads and comforters,2,76,0.6973684210526315,0.013157894736842105
stair rugs,7,120,0.25833333333333336,0.03333333333333333
backsplash tiles,4,74,0.32432432432432434,0.02702702702702703
poster,3,56,0.21428571428571427,0.017857142857142856
outdoor jute rug,4,58,0.2413793103448276,0.017241379310344827
wristlet,8,123,0.16260162601626016,0.07317073170731707
samsung galaxy s8 case,3,72,0.18055555555555555,0.013888888888888888
disney backpack,1,52,0.057692307692307696,0
7x7 square rug,2,56,0.4107142857142857,0.03571428571428571
garden stools,53,1363,0.16434336023477622,0.09097578870139399
broyhill outdoor furniture,4,51,0.19607843137254902,0.35294117647058826
window shutters,8,114,0.34210526315789475,0.10526315789473684
boho rugs,9,155,0.18064516129032257,0.012903225806451613
stampendous stamp dies,1,70,0.014285714285714285,0
fly fishing art,1,205,0.004878048780487805,0
mid century modern loveseat,4,61,0.3114754098360656,0.08196721311475409
handy living,10,133,0.12781954887218044,0.007518796992481203
ceiling lights clearance,3,64,0.1875,0.046875
makeup brushes,36,738,0.17479674796747968,0.08265582655826559
media stand,39,771,0.19714656290531776,0.0946822308690013
orange art,1,63,0.015873015873015872,0
nonslip rug pads,4,55,0.3090909090909091,0
twin mattress pad,5,79,0.10126582278481013,0.0379746835443038
bathroom bench,5,83,0.3614457831325301,0.04819277108433735
south shore,26,396,0.18181818181818182,0.07575757575757576
duvet set,14,292,0.11301369863013698,0.05136986301369863
behr premium plus ultra 375301,25,1004,0.42828685258964144,0.3256972111553785
bath products,2,66,0.030303030303030304,0.015151515151515152
light weight quilts,2,59,0.288135593220339,0
curved metal cafe dining chairs set of two,6,114,0.7105263157894737,0
plate chargers,6,93,0.1935483870967742,0.08602150537634409
drawers,50,1150,0.23565217391304347,0.09217391304347826
canoe,14,203,0.15763546798029557,0.24630541871921183
vionic sandals,7,97,0.27835051546391754,0.1134020618556701
4x6 area rugs,6,131,0.1450381679389313,0.030534351145038167
dinning room lighting,4,90,0.1,0
fabric dining chairs,15,306,0.12091503267973856,0.02287581699346405
cooling pillow,5,113,0.09734513274336283,0.04424778761061947
satin pillowcases,5,72,0.1388888888888889,0.027777777777777776
madison bohemian,10,196,0.16326530612244897,0.04591836734693878
sofa table with storage,17,363,0.17355371900826447,0.0743801652892562
hide a bed,7,91,0.4065934065934066,0.10989010989010989
king canopy bed,24,439,0.11617312072892938,0.09567198177676538
scrapbooking supplies,2,127,0.07874015748031496,0.015748031496062992
betsey johnson,26,439,0.23462414578587698,0.16856492027334852
costway,39,786,0.2480916030534351,0.03816793893129771
london fog,32,613,0.2463295269168026,0.09787928221859707
ceramic storage canisters with airtight bamboo lids navy/white set of 3,1,150,0.006666666666666667,0
bronze table lamps,3,52,0.19230769230769232,0
faux fur bench,2,51,0.21568627450980393,0.0196078431372549
sign out,5,67,0.22388059701492538,0.07462686567164178
chenille bedspread,16,266,0.20676691729323307,0.07894736842105263
woman leggings,1,58,0.017241379310344827,0
gel memory foam mattress,18,421,0.171021377672209,0.040380047505938245
daybed cover,66,1752,0.1678082191780822,0.08561643835616438
blue velvet chairs,5,158,0.25316455696202533,0.03164556962025317
eileen fisher,8,120,0.2,0.08333333333333333
trisha yearwood home collection,2,60,0.03333333333333333,0.06666666666666667
buffet servers,27,462,0.22510822510822512,0.09740259740259741
daybed covers,20,327,0.20489296636085627,0.05198776758409786
indoor water fountain,5,71,0.23943661971830985,0.08450704225352113
zero gravity recliners,36,701,0.17261055634807418,0.20256776034236804
twin metal bed,6,110,0.21818181818181817,0.03636363636363636
outdoor patio accent pillows,1,95,0.2736842105263158,0
jumpsuit,21,483,0.19875776397515527,0.062111801242236024
stained glass lamp,4,72,0.375,0.013888888888888888
cantilever patio umbrella,2,64,0.09375,0.03125
glass top desk,4,61,0.16393442622950818,0.01639344262295082
coupon,35,1026,0.0594541910331384,0.06042884990253411
cotton blanket,36,961,0.11446409989594172,0.04162330905306972
ring doorbell,11,174,0.27011494252873564,0.13793103448275862
pendleton,48,1044,0.16187739463601533,0.1475095785440613
plus size formal dress,24,511,0.19960861056751467,0.0821917808219178
kids picnic table,18,258,0.1821705426356589,0.19767441860465115
twin XL fitted sheet,13,274,0.18248175182481752,0.06934306569343066
26 inch bar stools,5,74,0.22972972972972974,0.02702702702702703
wooden hangers,3,57,0.15789473684210525,0.03508771929824561
blanket ladder,39,818,0.1430317848410758,0.21271393643031786
echelon,1,56,0.17857142857142858,0
diamond rug,15,255,0.20784313725490197,0.03529411764705882
y necklace,5,112,0.10714285714285714,0.017857142857142856
large round mirror,9,127,0.2283464566929134,0.07086614173228346
plastic glasses,3,64,0.1875,0.0625
strivectin,11,243,0.14814814814814814,0.06995884773662552
leather hand bags,2,99,0.06060606060606061,0
outdoor set,9,137,0.17518248175182483,0.051094890510948905
broom,3,118,0.1271186440677966,0.01694915254237288
area rug,66,4077,0.054942359578121165,0.03630120186411577
paint acrylic,1,56,0.017857142857142856,0
kitchen rack,2,64,0.28125,0.015625
acrylic coffee table,28,656,0.17835365853658536,0.06554878048780488
bike pump,2,63,0.07936507936507936,0
drawer,33,635,0.2173228346456693,0.15118110236220472
promise ring,6,134,0.09701492537313433,0.08955223880597014
wool area rug,6,123,0.14634146341463414,0.056910569105691054
octagon rug,4,77,0.2987012987012987,0.06493506493506493
sunbrella sectional,3,55,0.14545454545454545,0.05454545454545454
oversized mirrors,1,107,0.018691588785046728,0
car seat covers,59,1928,0.18931535269709543,0.08765560165975103
fur throw,4,95,0.08421052631578947,0.021052631578947368
nail polish,12,208,0.20192307692307693,0.057692307692307696
nicole miller bedding,5,82,0.2926829268292683,0.17073170731707318
serta perfect sleeper,9,151,0.23841059602649006,0.06622516556291391
workout equipment,4,52,0.2692307692307692,0.09615384615384616
entertainment centers,67,4146,0.08393632416787265,0.0612638687891944
folding bookcase,4,51,0.21568627450980393,0.2549019607843137
paris,34,601,0.28286189683860236,0.08652246256239601
beach wagon,4,75,0.30666666666666664,0.12
sequin pillow,5,101,0.2079207920792079,0
faux silk drapes,4,62,0.14516129032258066,0
double curtain rods,5,80,0.1125,0.0625
hotel bedding,7,151,0.271523178807947,0.059602649006622516
wall hooks,45,1081,0.15448658649398705,0.07585568917668825
l shape couch,13,268,0.19776119402985073,0.13805970149253732
bar stools with seat height 33 or greater,11,207,0.20772946859903382,0.057971014492753624
mixing bowls,12,183,0.2459016393442623,0.03278688524590164
vans women,4,70,0.3142857142857143,0.17142857142857143
sleep sofa,17,303,0.24752475247524752,0.056105610561056105
white sideboard,8,135,0.14814814814814814,0.14814814814814814
jewlery armoire,10,160,0.125,0.04375
cotton curtains,6,102,0.11764705882352941,0.0196078431372549
4x6 rug,28,645,0.15038759689922482,0.04961240310077519
toilet paper holder,70,2633,0.17052791492594,0.08203570072161033
turquoise earrings,15,318,0.20125786163522014,0.031446540880503145
extra wide curtain panel,4,62,0.0967741935483871,0.016129032258064516
NAUTICAL ART,5,78,0.16666666666666666,0.0641025641025641
womens slippers,21,416,0.15865384615384615,0.040865384615384616
inflateable bouncers,7,166,0.1686746987951807,0.09036144578313253
pillow top mattress pad,4,77,0.14285714285714285,0.09090909090909091
plastic rug,10,156,0.14102564102564102,0.0641025641025641
bath sheets,27,579,0.12435233160621761,0.05872193436960276
dove body wash,1,78,0.0641025641025641,0
twin size mattress,17,297,0.16161616161616163,0.11447811447811448
beads,34,1927,0.09237156201349248,0.040477426050856254
twin xl sheets cotton,1,57,0.05263157894736842,0
ruggable 8x10,7,156,0.07692307692307693,0.057692307692307696
plastic plates,5,168,0.10119047619047619,0.047619047619047616
isabella lounge chair,1,84,0.047619047619047616,0
easel,8,134,0.23134328358208955,0.05223880597014925
wicker outdoor furniture,57,1168,0.17294520547945205,0.12585616438356165
trunks,24,422,0.2014218009478673,0.09004739336492891
outdoor loveseat cushion,9,134,0.14925373134328357,0.1044776119402985
large sofa pillows,1,54,0.018518518518518517,0
cuckoo,4,81,0.2222222222222222,0.13580246913580246
mirrored dresser,50,1013,0.20533070088845015,0.17670286278381048
mirrored night stand,5,91,0.13186813186813187,0.04395604395604396
gray patio set,1,68,0.10294117647058823,0
white duvet,21,575,0.13043478260869565,0.05391304347826087
jewelry boxes,23,493,0.08924949290060852,0.038539553752535496
women's polarized sunglasses,6,116,0.12931034482758622,0.034482758620689655
teal,55,1177,0.3500424808836024,0.08156329651656755
gray grey curtains,1,56,0.05357142857142857,0
pots and pans,53,1690,0.20355029585798817,0.1165680473372781
distressed area rug,7,160,0.18125,0.01875
vinyl plank flooring,12,170,0.1411764705882353,0.16470588235294117
